x,y
0.41434652552923557,0.16560425947776491
0.3302090054388398,-0.1333928435545194
0.9508272392062991,-0.519046172240303
0.9876813553340151,0.1960378907431275
0.059369941112023206,-0.1726069185616137
-0.9184142289131816,0.5948097731653683
-0.3025059565200503,0.5527110541203855
-0.44699214349424965,-0.9348315593479857
0.14887923294680983,0.685755081314823
-0.9624974970692661,0.6693401313193277
0.2302507284162787,0.8590838673267818
0.40845666697646377,-0.15936232263644057
-0.21818433409527316,-0.8107756321533893
0.9442567850000114,0.6723715373498862
-0.5337998327004169,-0.4558225693866891
0.7937610683058574,0.26472706929230316
0.6109451698330364,0.11371607712972254
-0.8551610846396616,-0.4898051076555068
-0.9138233936711447,0.8774754018848339
0.4260966136536728,-0.16351570296008533
-0.1812924040695395,-0.13521875095416092
0.20743794683690964,0.9480031069340347
0.2593021694998021,-0.6914215499270397
-0.04672592860989211,0.5227732029505241
-0.6584649210205973,0.3438099398883412
-0.05242876377177241,0.8170811829613325
0.06252947071419168,-0.8392693045861734
-0.15027782706765924,0.008340117346034015
-0.6199550218620693,-0.7845121722688554
-0.06917129040804493,0.7298005292112049
-0.8664193909982743,-0.06533140702317608
0.8616409114091772,0.3329396994034175
0.1920793924296762,-0.869188197728515
0.8219681015525211,-0.8454589195770218
-0.8856694962250827,0.5096544891366463
-0.04279573897201161,0.847224252111132
-0.1962053017008718,-0.24200282743172763
-0.32020400723406894,-0.7901913072393064
-0.8135108042856113,0.8216490926352
-0.07008298811754021,-0.006831663286278156
0.06579054702036768,0.8502911787085816
-0.5261129453517558,-0.22930044821973672
0.5268198340445358,0.9738406554881147
0.7299519932223899,-0.2563739816720818
0.011314662281543875,-0.020858819969713505
0.9736442015429194,0.9644014737304714
-0.6505591493067657,-0.9022318708249932
0.5127692747784536,-0.4672207239902284
-0.9587549653277455,0.4002598280880678
-0.3615631125263402,-0.49339468555086574
-0.7923303803572873,-0.09140225012328118
-0.8519504219927104,-0.8321445787076347
-0.4364280550381423,0.09450356553567296
0.8065171488700642,-0.08686217352199377
0.021137521585693486,0.6258701776187612
0.5477498703084112,-0.5085706380647229
0.8563495291931904,0.3369643195993546
0.756509797775442,-0.3751902274059461
0.5179883873981654,0.4431381904264291
0.8118986114045594,-0.14041200434120527
0.23508919104934067,-0.19735817045407755
0.5332994682252243,-0.5402444673193926
-0.9058324183967437,-0.2505685802971275
-0.817598338922761,-0.32481263619676337
0.6180564804410578,0.9576473946144017
0.05382984551120318,-0.1267563261257295
0.5368277351994166,-0.2312706910612341
-0.29136491428300904,-0.26521373921789415
-0.9314859217144097,-0.05019813392470429
-0.2376638365743149,-0.027383336702685335
0.6291050231409023,-0.3518804878820976
0.08504805985924291,-0.20423253342022063
-0.017558753653997616,-0.38968435685578773
0.8287960954248101,0.3134157286769286
-0.2512984617136417,0.7240639063272809
0.8171794343707481,0.2118378031575272
0.7694853993753745,0.9814490321748055
-0.40869076260050274,0.03657187545953855
0.2706689343696409,-0.23699985983413852
-0.6873206472621824,-0.6551620106091938
-0.4985041550514606,0.1320295105974305
-0.724969679298102,0.4357743814514554
0.251990218798277,-0.10988637538286983
0.7452007989494271,-0.01163973804306817
0.32786045773927586,0.8119936114947393
0.4544281286473326,-0.9482371020374076
0.12448608331738975,0.19097510622455816
-0.5869149900416153,0.3929712948285049
0.2934359147911727,-0.03385936687962032
-0.8842101719169712,0.6594568240751202
-0.7992503224239903,-0.9284085581490309
0.33669293091165176,-0.06142056591501299
-0.2012760200032634,0.47673659503849497
-0.5090007348031111,-0.7630779830925911
0.038787900796484864,0.09664410068774076
-0.6426856092828233,-0.7486934479207312
0.15854458505238966,-0.9562404662998826
0.35955250517046844,-0.10083361018147119
-0.7134786528861206,-0.6154367856245269
-0.5572753057344635,0.3634303152266358
-0.48141905375408833,0.1876296715942376
0.557223740215758,-0.9606926563272173
0.3616995047707894,-0.0844366065690122
0.29889048822460973,0.6190335007395202
-0.5362090225334813,0.397675303803223
0.42499639518650034,0.15966764149139911
0.15425510934298448,0.42686016397547233
0.472601795164193,0.7099501243030113
0.9993809747395774,-0.3266744508060253
-0.41219238148087145,0.5498929589908905
-0.2824727648649912,-0.7726648323856325
0.17638371346922432,-0.5891490557365561
0.5983248865873236,0.6942430943186328
0.1643626222464325,0.5810583601676154
-0.28951248876036983,-0.7306525327490887
0.38885925122088705,0.8400814806708319
-0.0849705769989968,0.07509391573133972
0.6530875933558704,-0.5724754486292998
-0.026353934902023868,-0.038656047128129645
0.9218717985797371,0.5557046615565568
0.8729865753966024,0.14985598930138377
0.4848601506521404,0.22375929430530994
0.1818187693663078,-0.20647474965213175
0.43642333700201963,0.6245283175206284
-0.42531944686248446,0.8694949896135336
0.8924605857449313,-0.870338281509916
0.7524040171415378,0.22996139393922554
-0.4690139960227654,0.0019944413169268316
-0.06235915768041522,-0.6791271690674074
0.9277187631708188,-0.6311416177844901
-0.08807586211469787,-0.7391924976092716
-0.21134735555670625,-0.5545679368063059
0.9098035265831044,-0.39618682144370143
-0.4505509980315935,0.6355441309481611
-0.37560210887415135,-0.5335789484150097
0.10292496261157358,0.37129542427074536
-0.3944199889122463,-0.3136913011195013
-0.14546554720799643,-0.05626437432418652
-0.038576811903107466,-0.3486718963210297
-0.9381339055233793,0.4809550721922198
-0.8309946713112977,0.6456914960915969
-0.2750327425845055,0.826786512461994
0.2893025128469473,0.2883260275483597
0.11665528835428995,0.988227782729717
-0.6379002676693208,-0.3695861515879104
0.5409478359988917,-0.5292220149368464
0.1253272587539762,-0.9125630721812651
0.3076069590885957,0.7965411134357268
-0.7047278447143459,0.7430250940674634
-0.6684470031800507,-0.5907267795756548
0.6941247651310996,-0.5223331055150147
-0.7348768354159259,-0.18706197226538523
-0.7514278914602046,0.5718684528413831
-0.25905609556250864,0.03219665785059611
0.583812118542369,0.29489345337729933
-0.3447898768008264,0.10828158822157374
0.879672503485623,0.7171627334717383
-0.17635543357255468,-0.8935544377788064
0.9618515703488169,0.6073342367278716
-0.5779253500306611,0.9215743040152347
-0.5501328594481457,-0.8519762186454605
-0.3191559348040033,0.5357926032901765
0.7239712182002171,0.7510794218982491
0.9136733094400591,-0.09706585910464238
-0.10331823573662635,0.04221579962331412
0.2629962657380327,-0.46352470036612636
-0.9432414929777563,-0.5047908321653332
-0.22820768442384065,-0.004180380647885618
-0.05557639087857935,0.17696173380877545
-0.1641407596177652,0.4914317492872804
-0.744805008188091,-0.7146879593241227
-0.4226903660977349,0.31698447559407383
-0.004797113593262403,0.01626682769936072
-0.8456996701030552,-0.6458230470340673
-0.5722516161137561,-0.11912260567457711
0.7084065596779692,-0.4770356763527448
-0.24882856224952288,-0.44193733231898735
0.4195922315476084,0.7716845894838886
0.4582536905480339,-0.6410502308384856
0.2119178234992145,0.45816653044601763
0.7857112461396076,0.407005216560111
-0.808022222111703,-0.9925865654650474
-0.3823981304522782,-0.9845665265187308
0.7613837959477747,0.45360383238119306
0.6876015005602449,0.9953244645637396
-0.2631632991660976,0.9529972763862335
0.24401259999055336,0.32192999558276036
-0.6120110354750907,0.87119397352227
-0.695545977287952,0.5634128262461766
0.22342036314352098,0.10164563099948087
-0.11185164028869043,0.6758682401284404
0.6760440488847963,-0.5134877124863987
-0.14407514220305062,-0.6688572509473938
-0.10905297936402514,-0.878047980315945
0.7181902410567906,0.3297681492072011
-0.007995551807535861,-0.7420113677175104
0.9764261878091549,-0.7168962791284335
-0.5217076476216683,-0.7060858803609855
-0.1932439262443123,-0.8193479112496554
0.37318822616062164,0.5887932887393972
-0.4861875213418001,-0.9658419813738597
0.7018178544675513,0.6308971202174094
-0.26654888257336484,0.7550035639482551
-0.4634872894492823,-0.4141123381586673
0.5507659579547921,-0.380075999005586
0.6652581647098819,0.3070079537610366
-0.8615039601425555,-0.37162256675190275
-0.16656413614234267,0.16300850377995935
0.445267140316812,0.07083543529781777
-0.24240767260740537,-0.30538294400320143
0.3543263300223807,0.5344851819205263
-0.5422589599191703,0.34905749496286176
0.09461397908817637,0.027066567971009592
0.9831011308446689,0.863962418954834
0.7785941784718033,-0.046648761744023104
0.5660335232971332,0.30292138236604926
-0.5166758689611857,0.9430925412742048
-0.5961016715018298,-0.6291496114403904
-0.024534255541960426,0.08971043185361238
0.03162276938787856,0.935725341334475
0.47999179527881375,0.6508378832009227
0.8409048604349885,0.769691493910251
0.7122401721293639,-0.43924868829617814
0.9592200627609926,-0.5679982677144255
-0.8979341685455499,-0.015353994350938649
-0.35755286315115953,-0.41572640826626117
0.004696287636394736,-0.24545727637809178
0.32359938136887156,-0.5382922268946825
-0.6813571151598035,0.9056696738595575
-0.2966779098702895,0.5293326962860427
-0.386520245581355,0.12339722369439277
-0.9797887905824388,-0.6806811452074324
0.6309410618329436,-0.19207481547683647
-0.41937092544248944,-0.995138356709329
0.6089023771730473,0.37698942416892
-0.8363204346252379,0.46758052117493576
-0.47005464106474115,-0.8444017644444514
0.5091787546954007,-0.31658267548209396
0.770153121506209,0.1391003578722252
-0.3518569351054077,-0.9375845696710109
0.5228597477403678,0.8881946432313177
0.4340399083451516,0.9909484609401782
-0.6070682362766597,-0.9858831428572817
-0.3453209496286689,0.9299381461986482
0.18846223368486004,0.4724947672579347
0.07921020421780156,0.24140393902697177
-0.12430624445313054,0.17323051031768677
-0.9466091957249494,-0.28009773025216045
-0.9970449944746904,-0.48295426919504747
-0.820375681809827,0.7369693797699182
-0.6632123142958091,0.08404824496749841
-0.40308459977714917,-0.4320725386836166
0.8678010433185313,-0.3919916984928896
-0.12965661862513256,-0.620283284792562
0.34309043376830695,0.8844700915206434
0.22633591695970878,-0.9217089913764378
-0.8255800336590818,-0.40783988736096044
-0.9023782307378884,0.8313194824746142
0.9166581104547584,0.20336020862058435
0.8827512920636695,0.25117392178652387
-0.8708246763439288,-0.6038791566447383
0.6240316140588238,0.20645545043118796
0.7802900402581465,-0.8024857405963212
-0.924489999303643,-0.8964298370133693
-0.5020281719174085,-0.4457573281261652
0.4412535017482342,0.7307157701318199
0.6474303360767695,-0.2737835719130044
-0.6240392865761322,0.2316384640988225
-0.22329720400331576,0.6844368357194588
-0.7619957121437172,0.5035183537552834
-0.18584585754628635,0.5141156231677737
0.48697726099394156,-0.042472702706702004
-0.561924817578767,0.26617293717272705
0.04936408108045476,-0.4285756006738287
0.17483043474280024,0.23542090517746406
-0.368452485979923,-0.8216957273664726
0.5741829706569168,0.49944408211934066
-0.011682992104118162,0.15441618527118472
0.9689391041284505,-0.7289912449921105
-0.23294662577632774,0.6969357195139938
0.6585245494708554,-0.4716921888842517
-0.4945144797185218,-0.3588857663751337
-0.44361724759499055,0.794617870871096
0.31688655185695747,0.6118237757561664
0.5045693236726188,0.7800478556246595
-0.9831883519703677,-0.8084759474998646
-0.9870392376763291,0.4339320519123222
0.8311443211014329,0.4462019507427848
-0.5121899660564327,0.808558514833895
0.6433938855452559,0.38967911249388987
-0.2701390562067394,0.01088811533160472
-0.8796801849104103,0.05265591184736218
-0.8403518825419511,-0.7692734178513201
0.4606007321100991,-0.17916523414520813
-0.9536829333829886,-0.16855988088258655
0.8399406616821077,0.1299705747054838
0.885538877832285,0.8008082356357493
-0.4795674839486319,0.5655194582451513
0.13196272392168518,-0.9708115793679362
-0.5808657176113503,0.14330250521117316
0.7385782473328237,-0.34260444476254803
-0.7187871193911464,-0.8271964915246118
-0.6331756523331213,0.9005554282241734
0.0970011100643462,-0.703140033538411
0.2753352351315248,-0.07671402116898163
0.7986214376809881,0.2592219089152219
0.19503116653023422,0.11595676780188868
0.8043698316624577,-0.22012922187757056
-0.7451713634805588,0.4134605415378183
0.37904332869094537,-0.12165245673135672
0.168410700937363,-0.2643284945309923
0.5777686974590464,0.5782916816341694
-0.649798566076637,0.36738079497762577
0.9312725780458757,0.2713876885727706
-0.07592261380810228,-0.8851985590171604
0.10571933151544166,-0.33305269688686623
-0.674056156898128,-0.6393331826797338
0.40411986440637104,0.9326358449733438
-0.7579104656435172,0.7048769890542588
0.4694316711101276,0.05556515469821188
0.071560027779632,0.3572617328471903
-0.7812824468672566,0.6421658348091521
-0.17131981585849587,0.7455693858480674
-0.3743646442897641,0.4622624037149041
-0.3339203380785567,0.8945568131565367
0.49713647729976085,-0.29785688062198545
0.3022204275045326,0.020690177812113797
0.8548283255103046,-0.564277045829112
0.8972867449475972,-0.3396849401145582
-0.7690484974751376,0.1827218312302128
-0.33921320926810994,-0.4514718885031681
0.68029559281765,-0.9195841362127818
0.9004888366693975,0.76188016549643
-0.7702005332993035,-0.27856891118882243
-0.3959820414696139,0.7892306207812714
-0.11641607072342708,0.5995626961821463
0.2816510916974142,0.2964605680881549
0.5894932500748118,0.8953188919703294
0.21618795309447103,0.9104483176695728
0.11411842853256604,0.5420915768670198
0.6995628953411286,-0.9511706401477196
0.7306913527495289,-0.7881245714113585
0.3909547971092622,-0.15202460734528822
-0.6924335944220308,0.5173605390842806
-0.8900757903627843,0.28226666848444304
0.009966794227793674,0.6032058246349328
-0.705669184492857,0.24848036588867561
-0.43405227627812404,-0.7776621597362414
-0.6018672801398883,-0.5479957164556251
0.5946610346523915,0.048326668255280314
-0.4568753967972392,-0.7586322086484075
-0.5469714649771387,-0.8581696595496482
0.491768850355222,-0.36184554695820526
-0.31393364603430274,0.2180943729768472
-0.9739387889457156,-0.40238799633886646
-0.7756302983400208,-0.6990403597335597
0.6363829095602511,-0.8601917971434208
0.6029668735912903,-0.07462429279466065
-0.5927945976942204,0.35120566560464317
-0.3289054590405176,-0.614891659971067
-0.1586115888603734,-0.7507591428260628
0.39604919194331134,-0.7232133670270766
0.20170863712112586,0.7781309235206479
-0.30994008875869994,-0.5790741526260128
-0.5670655451285798,0.4898103748412561
0.6603419381186659,0.6642792864201286
0.9912591211484425,0.27599333640249024
-0.0984178488957439,-0.49976337637833546
-0.9286428386812423,-0.6718578944951275
0.019938274654377697,-0.18218694206317054
0.0432656564781404,0.06451996431941964
-0.6769407972102743,-0.9797669963145139
-0.7886468297391709,-0.5568850974206616
0.3823379455360023,-0.2134403107592524
-0.9691154159539208,-0.3045489863910612
-0.7271915428410136,-0.2945395189746729
-0.9926428263673761,0.06961891980313673
0.9465953721870366,-0.5838303529314406
0.6711036666155876,-0.6631019541345431
0.5619610212252482,0.41631035539191363
0.7427173614033982,0.8390999876263141
-0.7384800854279301,-0.21512667682939834
-0.13408152093049674,-0.5957812348918439
0.13711459951516636,0.7148038566137485
0.8490970106570237,-0.9410477809554866
-0.8005272779594406,-0.884398282109863
0.24673824615254092,-0.6097041922707234
-0.03231505526875311,-0.11012521580084833
-0.6260064245486863,-0.7985312728131654
0.26717686042890665,-0.14836584395940688
-0.0948610436463424,-0.6510403017227882
-0.1371259949769943,0.9195190885131066
0.36500695355257395,-0.6866900727989946
0.028115018128523905,0.9767007266046754
0.3148219854386882,0.9688123959878425
-0.20919028508046478,0.38326788553671265
0.34810484335581826,-0.9070419115582522
0.08310105424874381,-0.42283123882873586
0.9386801022956051,0.4221014508210892
0.14293191668848548,-0.28698567605339453
