t,x,y,u
0.04031178400046499,0.5051393099515213,0.7612157154877406,0.03638736481097271
0.13331094607507055,0.9349916857544387,-0.09367767226981305,0.8582670038394687
0.022460510215758192,0.7089385790808618,-0.9398534714376023,-0.4850988515380452
0.2064904878536721,-0.21515162134096566,0.2360787193949614,-0.025653898350334714
0.16308847809259405,0.027746184705867538,0.9747725870521022,-0.9488870672789128
0.2958487698594413,0.10022498582828043,0.11036690403931226,-0.0011513045631653782
0.01033365577919128,-0.14944800738409414,0.4392345650882201,-0.5479334753840291
0.14879840974606615,0.41937301978634833,0.9478028996019308,-0.707380486092136
0.254732397909198,0.07425555898643155,-0.8733103012662644,-0.7587614043575949
0.28562124170105363,-0.9814613127245505,0.3242941176700245,0.8575547078088397
0.07127344923454872,-0.31237574610136654,-0.9505897012771253,-0.7643404286994175
0.23855698392011015,0.665398393955908,0.38996966380065023,0.30955843558319207
0.03472847767048345,-0.5001867121026038,-0.6915023864900873,0.24841597148315442
0.2838415418920392,0.9866200347718106,-0.3440166076990414,0.8546524038547688
0.05617656892598682,-0.4923575123182935,0.4680141416528738,-0.3862720435014681
0.12193671789478606,-0.6045747802531523,0.022942808931175396,0.3550464010788535
0.27369170822774735,-0.7935669688346441,0.681936797049292,0.1579675705544686
0.07801361949594589,-0.2529625821172752,0.5806184099444636,-0.4746780455538991
0.00507722740306345,-0.7075099864535226,-0.24081690519095378,0.9461864604775543
0.10965415371337266,-0.6989373942205611,-0.37949958465053046,0.47787497449327543
0.2429620780962761,-0.8318998290394166,-0.7838225121906395,0.08450498231457947
0.26886908985623725,0.22798432664059076,0.5380218019085237,-0.2281531374445721
0.19198126276422012,-0.0548352046965872,-0.848391402552441,-0.7129700251270021
0.0883874697198309,0.16641174186943575,-0.7150210040739535,-0.5800578363413142
0.2109444223038787,-0.4331107369169227,-0.5565807907904153,-0.08778101834994764
0.13616194259344086,0.7527525914427511,0.054804160590203654,0.5776191663468021
0.09322710639105541,-0.3572729976880463,-0.4096231747484167,0.15831992580093243
0.2555407073644161,0.5723836756166367,-0.10902762492244555,0.30995096836015607
0.22586957329352647,-0.9320785852611241,-0.17848471372369035,0.8400947309541457
0.10217784122902558,0.3794522358921435,0.1880255393659076,0.21170362167944703
0.17971457034981572,0.30618905959453646,-0.27338651084070487,-0.01734836903167304
0.06339273600589698,-0.1661081654890113,0.8124337540072535,-0.7342613638879596
0.22481102346898676,0.4813907363717398,-0.6015175147192056,-0.15731380906239867
0.11907830923346242,0.6016425882301317,-0.4828880365019257,-0.015815114335576114
0.02678834815207889,0.8738129946044761,-0.04364046042823877,0.7270754403664613
0.04991841999752981,0.8204854508855142,0.26581578133302264,0.7826984536705526
0.19983439667232364,-0.025954924324799622,0.7117376308360739,-0.5086274482614479
0.18068115514507088,-0.8575531139038408,0.6033290303846286,0.3477440315868174
0.15746115850638426,-0.5876488751798876,-0.5405263415158623,0.13257862485330207
0.17147426961343062,0.2790548174543406,0.8592371861002477,-0.6384832882792546
