x,y,u
-1.0,0.5286750238632956,0.7205027191431439
-1.0,-0.056733721743512655,0.9967812848171297
-1.0,-0.17425854522966389,0.9696339594144412
-1.0,-0.7180265481971679,0.4844378760840601
-1.0,-0.7341273707194802,0.46105700356050294
-1.0,-0.6397698407757852,0.5906945508337265
-1.0,0.4027364784563381,0.8378033289205875
-1.0,0.7980400842337534,0.3631320239561838
-1.0,-0.5923112715216701,0.6491673576283825
-1.0,0.5743297378154586,0.6701453522608266
-1.0,-0.8369599280120738,0.2994980789020243
-1.0,-0.2976410384105391,0.911409812253896
-1.0,-0.9022941179469623,0.18586532471831319
-1.0,0.3748297057293357,0.8595026917028596
-1.0,0.9807651710154941,0.038099679322948665
-1.0,-0.10712002065493853,0.9885253011748856
-1.0,0.25697430780873076,0.9339642051262237
-1.0,-0.40854904373630097,0.8330876788621541
-1.0,-0.3692252932666962,0.8636726828121222
-1.0,-0.9422645791102426,0.11213746295419724
-1.0,0.286738391275273,0.9177810949688684
-1.0,0.11418651098847077,0.9869614407082798
-1.0,0.6521551124041929,0.5746937093650746
-1.0,0.6758926792292661,0.5431690861642844
-1.0,0.18023075362872598,0.9675168754464215
-1.0,0.9317807690241782,0.1317845984767111
-1.0,-0.5174495136596021,0.7322460008134413
-1.0,0.06322290542766384,0.9960028642292846
-1.0,-0.2614856104158375,0.9316252755454568
-1.0,0.8101062616591841,0.3437278448205816
1.0,-0.5909255420199613,0.650807003788415
1.0,-0.15921466757667468,0.974650689628449
1.0,-0.31334807356712324,0.9018129847917727
1.0,0.28591627270995335,0.9182518849996476
1.0,0.6595464760413992,0.5649984459413722
1.0,0.12792564369442117,0.983635029685368
1.0,-0.03818522619765119,0.9985418885002342
1.0,-0.6300106688432171,0.6030865571437223
1.0,0.7422239339759384,0.4491036318332817
1.0,0.8321956572642801,0.30745038803047275
1.0,0.928531861973672,0.13782858129970577
1.0,0.9461833030876339,0.10473715695817476
1.0,-0.888683088398265,0.2102423683949214
1.0,-0.8656320129105929,0.2506812182243552
1.0,0.5064854637404639,0.7434724750196072
1.0,-0.9704838798378458,0.058161038974881674
1.0,0.5696337394364592,0.6755174028956361
1.0,0.18283809587010058,0.9665702306985959
1.0,0.21502183741856795,0.9537656094331429
1.0,-0.7661273710852308,0.4130488512740331
1.0,0.4496398416728129,0.7978240127804477
1.0,-0.5115584111731684,0.7383079919579836
1.0,-0.07190604058618599,0.9948295213272178
1.0,-0.43009947714713104,0.8150144397577646
1.0,-0.2535637905173648,0.9357054041384659
1.0,-0.3607523279064353,0.8698577579100878
1.0,0.36982137046900543,0.8632321539444267
1.0,0.7155314123456791,0.48801479794659774
1.0,0.004086296728607941,0.9999833021790457
1.0,-0.675995896968108,0.543029547282283
0.5836395992328274,-1.0,-0.6593648182073446
0.8260177449811037,-1.0,-0.31769468497633235
0.32906129013613006,-1.0,-0.8917186673339457
-0.2376227603129839,-1.0,-0.9435354237812382
-0.14626635975331925,-1.0,-0.9786061520045126
-0.28285001395715204,-1.0,-0.9199958696044389
0.7981886041346737,-1.0,-0.36289495222954105
-0.7826245753503516,-1.0,-0.38749877405768185
0.15194363855775128,-1.0,-0.9769131307018314
0.9799623714404435,-1.0,-0.03967375056082223
0.1065748267678579,-1.0,-0.9886418062994011
0.6485754411997808,-1.0,-0.5793498970725096
-0.43761526917386206,-1.0,-0.8084928761858883
-0.652558708768441,-1.0,-0.574167131610465
0.498298920066911,-1.0,-0.7516981862601502
0.2517607259943908,-1.0,-0.9366165368467773
-0.35897335297247923,-1.0,-0.8711381318556959
0.34465107606340917,-1.0,-0.8812156357683342
-0.08035928489963895,-1.0,-0.9935423853304186
-0.8880014868401959,-1.0,-0.2114533593696014
-0.584893741706036,-1.0,-0.6578993109131128
-0.060528507139366305,-1.0,-0.9963362998234797
0.00993166809947521,-1.0,-0.9999013619687619
-0.9427667994615644,-1.0,-0.11119076183299847
0.8811644461652655,-1.0,-0.22354921881426104
0.6705950037831554,-1.0,-0.5503023409010698
-0.6899938376633697,-1.0,-0.5239085039865754
-0.809602914101475,-1.0,-0.3445431214783997
0.4041808912289233,-1.0,-0.8366378071653933
-0.5191943917483026,-1.0,-0.7304371835771101
0.23720687096031678,1.0,-0.9437329003692156
-0.8684812108417528,1.0,-0.24574038641484297
-0.9946802230533147,1.0,-0.010611253866608106
-0.04894596023000608,1.0,-0.9976042929771627
-0.4978184068754504,1.0,-0.7521768337759884
0.38271313101562376,1.0,-0.853530659348218
0.8378344813706051,1.0,-0.2980333818264491
-0.3942002198588832,1.0,-0.8446061866632082
-0.6358637579592636,1.0,-0.5956772813139231
-0.3190640544820008,1.0,-0.8981981291375069
0.44055677407253624,1.0,-0.8059097288188003
0.9546979748888296,1.0,-0.08855177674316772
0.5958179677343571,1.0,-0.6450009493249005
0.5145454474343447,1.0,-0.73524298252459
-0.584076684654405,1.0,-0.6588544264431188
0.11599197683274709,1.0,-0.9865458613104314
0.16632280195079874,1.0,-0.9723367255512354
0.6434027517468255,1.0,-0.5860328990446129
0.29715021382859375,1.0,-0.911701750421621
-0.8151840663626125,1.0,-0.3354749379485157
-0.1868887230551809,1.0,-0.9650726051948039
0.02689973118040556,1.0,-0.9992764044624219
0.7534808732626785,1.0,-0.43226657362731136
-0.46618745274523277,1.0,-0.7826692589029114
-0.7096623132387505,1.0,-0.49637940116862556
-0.797485616025716,1.0,-0.3640166922320843
0.8949711713028412,1.0,-0.19902660253682047
-0.2032675547491707,1.0,-0.9586823011862929
-0.10012301173200133,1.0,-0.9899753825217136
0.6722246853000264,1.0,-0.5481139724732804
